Model,Mean Squared Error,Root Mean Squared Error,Mean Absolute Error,R-squared
svm,0.6484533619921953,0.8052660193949546,0.4735592495494562,0.8477306815501835
DecisionTreeRegressor,0.0444751974667055,0.2108914352616187,0.0255582219906587,0.990383606613272
KNeighborsRegressor,2.335305461956156,1.528170625930284,1.02627418945074,0.4681704842684433
LinearRegression,4.730067443258166e-28,2.1748718222594563e-14,1.6481751668013713e-14,1.0
VAR,4.427845175120047,2.104244561623018,1.4729640464788518,-0.0009498522453486
VARIMA,4.427935234798392,2.104265961041615,1.472985606897479,-0.0009594113324771
VARMA,4.427935234798392,2.104265961041615,1.472985606897479,-0.0009594113324771
LSTM,0.1958466597058033,0.4425456583289495,0.30648408548292255,0.944975816089373
